<annotation>
	<folder>TEST_image</folder>
	<filename>09544468836241128_43모7317.jpg</filename>
	<path>D:\SPB_Data\Mask-RCNN-TF2\car-plate-learning\TEST_image\09544468836241128_43모7317.jpg</path>
	<source>
		<database>Unknown</database>
	</source>
	<size>
		<width>1388</width>
		<height>1040</height>
		<depth>1</depth>
	</size>
	<segmented>0</segmented>
	<object>
		<name>car</name>
		<pose>Unspecified</pose>
		<truncated>0</truncated>
		<difficult>0</difficult>
		<bndbox>
			<xmin>222</xmin>
			<ymin>2</ymin>
			<xmax>1387</xmax>
			<ymax>864</ymax>
		</bndbox>
	</object>
	<object>
		<name>plate</name>
		<pose>Unspecified</pose>
		<truncated>0</truncated>
		<difficult>0</difficult>
		<bndbox>
			<xmin>480</xmin>
			<ymin>658</ymin>
			<xmax>838</xmax>
			<ymax>763</ymax>
		</bndbox>
	</object>
</annotation>
