<annotation>
	<folder>TEST_image</folder>
	<filename>095451466828260_10오8116.jpg</filename>
	<path>D:\SPB_Data\Mask-RCNN-TF2\car-plate-learning\TEST_image\095451466828260_10오8116.jpg</path>
	<source>
		<database>Unknown</database>
	</source>
	<size>
		<width>1364</width>
		<height>1040</height>
		<depth>1</depth>
	</size>
	<segmented>0</segmented>
	<object>
		<name>car</name>
		<pose>Unspecified</pose>
		<truncated>0</truncated>
		<difficult>0</difficult>
		<bndbox>
			<xmin>382</xmin>
			<ymin>7</ymin>
			<xmax>1309</xmax>
			<ymax>772</ymax>
		</bndbox>
	</object>
	<object>
		<name>plate</name>
		<pose>Unspecified</pose>
		<truncated>0</truncated>
		<difficult>0</difficult>
		<bndbox>
			<xmin>593</xmin>
			<ymin>676</ymin>
			<xmax>894</xmax>
			<ymax>747</ymax>
		</bndbox>
	</object>
</annotation>
