<annotation>
	<folder>TEST_image</folder>
	<filename>095441181404264313_185가2631.jpg</filename>
	<path>D:\SPB_Data\Mask-RCNN-TF2\car-plate-learning\TEST_image\095441181404264313_185가2631.jpg</path>
	<source>
		<database>Unknown</database>
	</source>
	<size>
		<width>1392</width>
		<height>1032</height>
		<depth>1</depth>
	</size>
	<segmented>0</segmented>
	<object>
		<name>car</name>
		<pose>Unspecified</pose>
		<truncated>1</truncated>
		<difficult>0</difficult>
		<bndbox>
			<xmin>243</xmin>
			<ymin>1</ymin>
			<xmax>1392</xmax>
			<ymax>628</ymax>
		</bndbox>
	</object>
	<object>
		<name>plate</name>
		<pose>Unspecified</pose>
		<truncated>0</truncated>
		<difficult>0</difficult>
		<bndbox>
			<xmin>537</xmin>
			<ymin>354</ymin>
			<xmax>826</xmax>
			<ymax>424</ymax>
		</bndbox>
	</object>
</annotation>
