<annotation>
	<folder>TEST_image</folder>
	<filename>09544225758169216_대전87아6927.jpg</filename>
	<path>D:\SPB_Data\Mask-RCNN-TF2\car-plate-learning\TEST_image\09544225758169216_대전87아6927.jpg</path>
	<source>
		<database>Unknown</database>
	</source>
	<size>
		<width>1894</width>
		<height>780</height>
		<depth>3</depth>
	</size>
	<segmented>0</segmented>
	<object>
		<name>car</name>
		<pose>Unspecified</pose>
		<truncated>1</truncated>
		<difficult>0</difficult>
		<bndbox>
			<xmin>1</xmin>
			<ymin>1</ymin>
			<xmax>1894</xmax>
			<ymax>634</ymax>
		</bndbox>
	</object>
	<object>
		<name>plate</name>
		<pose>Unspecified</pose>
		<truncated>0</truncated>
		<difficult>0</difficult>
		<bndbox>
			<xmin>399</xmin>
			<ymin>365</ymin>
			<xmax>726</xmax>
			<ymax>500</ymax>
		</bndbox>
	</object>
</annotation>
