<annotation>
	<folder>TEST_image</folder>
	<filename>095447195702176644_143도4702.jpg</filename>
	<path>D:\SPB_Data\Mask-RCNN-TF2\car-plate-learning\TEST_image\095447195702176644_143도4702.jpg</path>
	<source>
		<database>Unknown</database>
	</source>
	<size>
		<width>1364</width>
		<height>1040</height>
		<depth>1</depth>
	</size>
	<segmented>0</segmented>
	<object>
		<name>car</name>
		<pose>Unspecified</pose>
		<truncated>1</truncated>
		<difficult>0</difficult>
		<bndbox>
			<xmin>391</xmin>
			<ymin>387</ymin>
			<xmax>1364</xmax>
			<ymax>896</ymax>
		</bndbox>
	</object>
	<object>
		<name>plate</name>
		<pose>Unspecified</pose>
		<truncated>0</truncated>
		<difficult>0</difficult>
		<bndbox>
			<xmin>662</xmin>
			<ymin>690</ymin>
			<xmax>979</xmax>
			<ymax>770</ymax>
		</bndbox>
	</object>
</annotation>
