<annotation>
	<folder>TEST_image</folder>
	<filename>09545286160933466_영경북06모7898.jpg</filename>
	<path>D:\SPB_Data\Mask-RCNN-TF2\car-plate-learning\TEST_image\09545286160933466_영경북06모7898.jpg</path>
	<source>
		<database>Unknown</database>
	</source>
	<size>
		<width>640</width>
		<height>480</height>
		<depth>1</depth>
	</size>
	<segmented>0</segmented>
	<object>
		<name>car</name>
		<pose>Unspecified</pose>
		<truncated>1</truncated>
		<difficult>0</difficult>
		<bndbox>
			<xmin>6</xmin>
			<ymin>1</ymin>
			<xmax>640</xmax>
			<ymax>413</ymax>
		</bndbox>
	</object>
	<object>
		<name>plate</name>
		<pose>Unspecified</pose>
		<truncated>0</truncated>
		<difficult>0</difficult>
		<bndbox>
			<xmin>193</xmin>
			<ymin>283</ymin>
			<xmax>357</xmax>
			<ymax>360</ymax>
		</bndbox>
	</object>
</annotation>
