<annotation>
	<folder>TEST_image</folder>
	<filename>0954495648743750_07모6188.jpg</filename>
	<path>D:\SPB_Data\Mask-RCNN-TF2\car-plate-learning\TEST_image\0954495648743750_07모6188.jpg</path>
	<source>
		<database>Unknown</database>
	</source>
	<size>
		<width>1920</width>
		<height>1080</height>
		<depth>3</depth>
	</size>
	<segmented>0</segmented>
	<object>
		<name>plate</name>
		<pose>Unspecified</pose>
		<truncated>0</truncated>
		<difficult>0</difficult>
		<bndbox>
			<xmin>882</xmin>
			<ymin>371</ymin>
			<xmax>1145</xmax>
			<ymax>508</ymax>
		</bndbox>
	</object>
	<object>
		<name>car</name>
		<pose>Unspecified</pose>
		<truncated>1</truncated>
		<difficult>0</difficult>
		<bndbox>
			<xmin>512</xmin>
			<ymin>3</ymin>
			<xmax>1920</xmax>
			<ymax>706</ymax>
		</bndbox>
	</object>
</annotation>
