<annotation>
	<folder>TEST_image</folder>
	<filename>095441176207156111_256무7006.jpg</filename>
	<path>D:\SPB_Data\Mask-RCNN-TF2\car-plate-learning\TEST_image\095441176207156111_256무7006.jpg</path>
	<source>
		<database>Unknown</database>
	</source>
	<size>
		<width>1699</width>
		<height>955</height>
		<depth>3</depth>
	</size>
	<segmented>0</segmented>
	<object>
		<name>car</name>
		<pose>Unspecified</pose>
		<truncated>1</truncated>
		<difficult>0</difficult>
		<bndbox>
			<xmin>207</xmin>
			<ymin>170</ymin>
			<xmax>1361</xmax>
			<ymax>955</ymax>
		</bndbox>
	</object>
	<object>
		<name>plate</name>
		<pose>Unspecified</pose>
		<truncated>0</truncated>
		<difficult>0</difficult>
		<bndbox>
			<xmin>465</xmin>
			<ymin>865</ymin>
			<xmax>777</xmax>
			<ymax>941</ymax>
		</bndbox>
	</object>
</annotation>
