<annotation>
	<folder>TEST_image</folder>
	<filename>09545833029985192_영대구156201.jpg</filename>
	<path>D:\SPB_Data\Mask-RCNN-TF2\car-plate-learning\TEST_image\09545833029985192_영대구156201.jpg</path>
	<source>
		<database>Unknown</database>
	</source>
	<size>
		<width>640</width>
		<height>480</height>
		<depth>1</depth>
	</size>
	<segmented>0</segmented>
	<object>
		<name>car</name>
		<pose>Unspecified</pose>
		<truncated>1</truncated>
		<difficult>0</difficult>
		<bndbox>
			<xmin>91</xmin>
			<ymin>1</ymin>
			<xmax>637</xmax>
			<ymax>417</ymax>
		</bndbox>
	</object>
	<object>
		<name>plate</name>
		<pose>Unspecified</pose>
		<truncated>0</truncated>
		<difficult>0</difficult>
		<bndbox>
			<xmin>232</xmin>
			<ymin>263</ymin>
			<xmax>398</xmax>
			<ymax>361</ymax>
		</bndbox>
	</object>
</annotation>
