<annotation>
	<folder>TEST_image</folder>
	<filename>09544635363359237_157구1531.jpg</filename>
	<path>D:\SPB_Data\Mask-RCNN-TF2\car-plate-learning\TEST_image\09544635363359237_157구1531.jpg</path>
	<source>
		<database>Unknown</database>
	</source>
	<size>
		<width>1392</width>
		<height>1032</height>
		<depth>1</depth>
	</size>
	<segmented>0</segmented>
	<object>
		<name>plate</name>
		<pose>Unspecified</pose>
		<truncated>0</truncated>
		<difficult>0</difficult>
		<bndbox>
			<xmin>210</xmin>
			<ymin>778</ymin>
			<xmax>562</xmax>
			<ymax>863</ymax>
		</bndbox>
	</object>
	<object>
		<name>car</name>
		<pose>Unspecified</pose>
		<truncated>0</truncated>
		<difficult>0</difficult>
		<bndbox>
			<xmin>2</xmin>
			<ymin>91</ymin>
			<xmax>1388</xmax>
			<ymax>992</ymax>
		</bndbox>
	</object>
</annotation>
