<annotation>
	<folder>TEST_image</folder>
	<filename>09544682260498735_42고6948.jpg</filename>
	<path>D:\SPB_Data\Mask-RCNN-TF2\car-plate-learning\TEST_image\09544682260498735_42고6948.jpg</path>
	<source>
		<database>Unknown</database>
	</source>
	<size>
		<width>1292</width>
		<height>987</height>
		<depth>1</depth>
	</size>
	<segmented>0</segmented>
	<object>
		<name>car</name>
		<pose>Unspecified</pose>
		<truncated>0</truncated>
		<difficult>0</difficult>
		<bndbox>
			<xmin>234</xmin>
			<ymin>5</ymin>
			<xmax>1291</xmax>
			<ymax>802</ymax>
		</bndbox>
	</object>
	<object>
		<name>plate</name>
		<pose>Unspecified</pose>
		<truncated>0</truncated>
		<difficult>0</difficult>
		<bndbox>
			<xmin>437</xmin>
			<ymin>608</ymin>
			<xmax>744</xmax>
			<ymax>693</ymax>
		</bndbox>
	</object>
</annotation>
