<annotation>
	<folder>TEST_image</folder>
	<filename>095440197024292810_66보8365.jpg</filename>
	<path>D:\SPB_Data\Mask-RCNN-TF2\car-plate-learning\TEST_image\095440197024292810_66보8365.jpg</path>
	<source>
		<database>Unknown</database>
	</source>
	<size>
		<width>1548</width>
		<height>1182</height>
		<depth>1</depth>
	</size>
	<segmented>0</segmented>
	<object>
		<name>car</name>
		<pose>Unspecified</pose>
		<truncated>1</truncated>
		<difficult>0</difficult>
		<bndbox>
			<xmin>518</xmin>
			<ymin>12</ymin>
			<xmax>1548</xmax>
			<ymax>871</ymax>
		</bndbox>
	</object>
	<object>
		<name>plate</name>
		<pose>Unspecified</pose>
		<truncated>0</truncated>
		<difficult>0</difficult>
		<bndbox>
			<xmin>750</xmin>
			<ymin>624</ymin>
			<xmax>1041</xmax>
			<ymax>708</ymax>
		</bndbox>
	</object>
</annotation>
