<annotation>
	<folder>TEST_image</folder>
	<filename>0954407199509396_360저1991.jpg</filename>
	<path>D:\SPB_Data\Mask-RCNN-TF2\car-plate-learning\TEST_image\0954407199509396_360저1991.jpg</path>
	<source>
		<database>Unknown</database>
	</source>
	<size>
		<width>640</width>
		<height>480</height>
		<depth>1</depth>
	</size>
	<segmented>0</segmented>
	<object>
		<name>plate</name>
		<pose>Unspecified</pose>
		<truncated>0</truncated>
		<difficult>0</difficult>
		<bndbox>
			<xmin>195</xmin>
			<ymin>308</ymin>
			<xmax>336</xmax>
			<ymax>350</ymax>
		</bndbox>
	</object>
	<object>
		<name>car</name>
		<pose>Unspecified</pose>
		<truncated>0</truncated>
		<difficult>0</difficult>
		<bndbox>
			<xmin>72</xmin>
			<ymin>2</ymin>
			<xmax>638</xmax>
			<ymax>439</ymax>
		</bndbox>
	</object>
</annotation>
