<annotation>
	<folder>TEST_image</folder>
	<filename>095443179553604124_04마6829.jpg</filename>
	<path>D:\SPB_Data\Mask-RCNN-TF2\car-plate-learning\TEST_image\095443179553604124_04마6829.jpg</path>
	<source>
		<database>Unknown</database>
	</source>
	<size>
		<width>1920</width>
		<height>1080</height>
		<depth>3</depth>
	</size>
	<segmented>0</segmented>
	<object>
		<name>car</name>
		<pose>Unspecified</pose>
		<truncated>1</truncated>
		<difficult>0</difficult>
		<bndbox>
			<xmin>623</xmin>
			<ymin>3</ymin>
			<xmax>1920</xmax>
			<ymax>878</ymax>
		</bndbox>
	</object>
	<object>
		<name>plate</name>
		<pose>Unspecified</pose>
		<truncated>0</truncated>
		<difficult>0</difficult>
		<bndbox>
			<xmin>882</xmin>
			<ymin>622</ymin>
			<xmax>1213</xmax>
			<ymax>708</ymax>
		</bndbox>
	</object>
</annotation>
