<annotation>
	<folder>TEST_image</folder>
	<filename>09544015710007109_138마6788.jpg</filename>
	<path>D:\SPB_Data\Mask-RCNN-TF2\car-plate-learning\TEST_image\09544015710007109_138마6788.jpg</path>
	<source>
		<database>Unknown</database>
	</source>
	<size>
		<width>1392</width>
		<height>1032</height>
		<depth>1</depth>
	</size>
	<segmented>0</segmented>
	<object>
		<name>car</name>
		<pose>Unspecified</pose>
		<truncated>1</truncated>
		<difficult>0</difficult>
		<bndbox>
			<xmin>304</xmin>
			<ymin>1</ymin>
			<xmax>1392</xmax>
			<ymax>779</ymax>
		</bndbox>
	</object>
	<object>
		<name>plate</name>
		<pose>Unspecified</pose>
		<truncated>0</truncated>
		<difficult>0</difficult>
		<bndbox>
			<xmin>580</xmin>
			<ymin>569</ymin>
			<xmax>930</xmax>
			<ymax>662</ymax>
		</bndbox>
	</object>
</annotation>
